SettlementPoint,Year,HourlyVolatility
HB_PAN,2019,0.5474307364306342
HB_WEST,2018,0.28736238200373776
HB_WEST,2017,0.23937593352069458
HB_SOUTH,2016,0.20852246680060865
